{"coco/bbox_mAP": 0.0, "coco/bbox_mAP_50": 0.0, "coco/bbox_mAP_75": 0.0, "coco/bbox_mAP_s": 0.0, "coco/bbox_mAP_m": 0.0, "coco/bbox_mAP_l": 0.0, "data_time": 1.4019185304641724, "time": 1.5187804698944092}